epoch,train_loss,valid_loss,train_norm_q,train_tokens_q,train_residual_q,train_norm_h2,train_tokens_h2,train_residual_h2,train_p_h2_present,train_norm_h3,train_tokens_h3,train_residual_h3,train_p_h3_present,train_norm_h4,train_tokens_h4,train_residual_h4,train_p_h4_present,valid_norm_q,valid_tokens_q,valid_residual_q,valid_norm_h2,valid_tokens_h2,valid_residual_h2,valid_p_h2_present,valid_norm_h3,valid_tokens_h3,valid_residual_h3,valid_p_h3_present,valid_norm_h4,valid_tokens_h4,valid_residual_h4,valid_p_h4_present,valid_rmse,valid_mae,valid_r2
0,0.7944001870495933,0.804444830758231,6.342465877532959,11.759821891784668,0.0,2.037100315093994,3.619345188140869,0.9723214507102966,0.9809523820877075,1.635109782218933,2.005654811859131,1.4145833253860474,0.7446428537368774,0.45790329575538635,0.3452380895614624,0.3392857015132904,0.20148809254169464,6.204197883605957,11.764286041259766,0.0,2.2843129634857178,3.7047619819641113,0.9928571581840515,0.9809523820877075,1.6912204027175903,2.0214285850524902,1.4214285612106323,0.7595238089561462,0.47637468576431274,0.3976190388202667,0.38333332538604736,0.21190476417541504,1.0866403843523373,0.8701603412628174,0.20333235808809058
1,0.6666542728741963,0.7575573455719721,6.3394622802734375,11.770535469055176,0.0,2.2424559593200684,3.6244046688079834,0.9699404835700989,0.9809523820877075,1.6685892343521118,2.011904716491699,1.4217262268066406,0.7422618865966797,0.41895830631256104,0.3434523940086365,0.3389880955219269,0.19910714030265808,6.204197883605957,11.764286041259766,0.0,2.6083810329437256,3.7047619819641113,0.9928571581840515,0.9809523820877075,1.6221938133239746,2.0214285850524902,1.4214285612106323,0.7595238089561462,0.37338510155677795,0.3976190388202667,0.38333332538604736,0.21190476417541504,1.0544972566050714,0.8263835310935974,0.24976654903587991
2,0.6012444740249997,0.6431043250220162,6.343430995941162,11.739880561828613,0.0,2.298835515975952,3.64255952835083,0.9910714030265808,0.9809523820877075,1.6858346462249756,2.0077381134033203,1.4086309671401978,0.7482143044471741,0.40045830607414246,0.34375,0.3389880955219269,0.20267857611179352,6.204197883605957,11.764286041259766,0.0,2.225508213043213,3.7047619819641113,0.9928571581840515,0.9809523820877075,1.6962796449661255,2.0214285850524902,1.4214285612106323,0.7595238089561462,0.41583845019340515,0.3976190388202667,0.38333332538604736,0.21190476417541504,0.971579695114163,0.7699757814407349,0.36311302203400597
3,0.5446342936583928,0.5955674807230632,6.345487594604492,11.740178108215332,0.0,2.3033714294433594,3.6348214149475098,0.9851190447807312,0.9809523820877075,1.681336760520935,2.0181548595428467,1.4244047403335571,0.7440476417541504,0.3995685279369354,0.3482142984867096,0.3425595164299011,0.1994047611951828,6.204197883605957,11.764286041259766,0.0,2.4131267070770264,3.7047619819641113,0.9928571581840515,0.9809523820877075,1.6762889623641968,2.0214285850524902,1.4214285612106323,0.7595238089561462,0.3896360993385315,0.3976190388202667,0.38333332538604736,0.21190476417541504,0.9349818424766914,0.7403286695480347,0.41019035519059244
4,0.5072079435700462,0.6088511557806106,6.345269680023193,11.749404907226562,0.0,2.448543071746826,3.633035659790039,0.9744047522544861,0.9809523820877075,1.686316967010498,2.014880895614624,1.4148809909820557,0.744940459728241,0.4035813808441162,0.34285715222358704,0.3375000059604645,0.20208333432674408,6.204197883605957,11.764286041259766,0.0,2.421975612640381,3.7047619819641113,0.9928571581840515,0.9809523820877075,1.7027357816696167,2.0214285850524902,1.4214285612106323,0.7595238089561462,0.3790570795536041,0.3976190388202667,0.38333332538604736,0.21190476417541504,0.9453514343314594,0.755264401435852,0.3970350354892528
5,0.486118966057187,0.5701629797617594,6.340841293334961,11.748214721679688,0.0,2.2374966144561768,3.623809576034546,0.9827380776405334,0.9809523820877075,1.6689094305038452,1.993154764175415,1.385119080543518,0.744940459728241,0.409013032913208,0.34613096714019775,0.3422619104385376,0.2008928507566452,6.204197883605957,11.764286041259766,0.0,2.2326500415802,3.7047619819641113,0.9928571581840515,0.9809523820877075,1.7951074838638306,2.0214285850524902,1.4214285612106323,0.7595238089561462,0.46284425258636475,0.3976190388202667,0.38333332538604736,0.21190476417541504,0.9148232318456923,0.7293582558631897,0.43534928029254216
6,0.45430422184013186,0.5457548663729713,6.344201564788818,11.763988494873047,0.0,2.3032493591308594,3.630357027053833,0.9845238327980042,0.9809523820877075,1.6347647905349731,2.009226083755493,1.4110119342803955,0.7398809790611267,0.4519888460636139,0.33273810148239136,0.3273809552192688,0.19315476715564728,6.204197883605957,11.764286041259766,0.0,2.2701916694641113,3.7047619819641113,0.9928571581840515,0.9809523820877075,1.7166489362716675,2.0214285850524902,1.4214285612106323,0.7595238089561462,0.46172866225242615,0.3976190388202667,0.38333332538604736,0.21190476417541504,0.8950277558077343,0.7067242860794067,0.45952140689453935
7,0.42727263541448685,0.5521641708555676,6.3419084548950195,11.753273963928223,0.0,2.406222343444824,3.6321427822113037,0.9883928298950195,0.9809523820877075,1.7159157991409302,2.0333333015441895,1.436309576034546,0.7443452477455139,0.4505063593387604,0.3315476179122925,0.32648810744285583,0.19315476715564728,6.204197883605957,11.764286041259766,0.0,2.336543560028076,3.7047619819641113,0.9928571581840515,0.9809523820877075,1.828298568725586,2.0214285850524902,1.4214285612106323,0.7595238089561462,0.4722561538219452,0.3976190388202667,0.38333332538604736,0.21190476417541504,0.9002680167503689,0.7085481286048889,0.4531740114660603
8,0.40860969920953116,0.5459092140197754,6.339344501495361,11.739583015441895,0.0,2.48246431350708,3.6395833492279053,0.9907737970352173,0.9809523820877075,1.7346020936965942,2.010714292526245,1.4110119342803955,0.749404788017273,0.44944432377815247,0.34315475821495056,0.337797611951828,0.19613094627857208,6.204197883605957,11.764286041259766,0.0,2.4495747089385986,3.7047619819641113,0.9928571581840515,0.9809523820877075,1.6779683828353882,2.0214285850524902,1.4214285612106323,0.7595238089561462,0.41791534423828125,0.3976190388202667,0.38333332538604736,0.21190476417541504,0.8951543445270571,0.6860172748565674,0.45936850190565015
9,0.3857771206469763,0.555351448059082,6.344581127166748,11.7306547164917,0.0,2.46742844581604,3.6446428298950195,0.9937499761581421,0.9809523820877075,1.6685206890106201,2.0250000953674316,1.429464340209961,0.7401785850524902,0.411813884973526,0.3404761850833893,0.3348214328289032,0.19613094627857208,6.204197883605957,11.764286041259766,0.0,2.3148398399353027,3.7047619819641113,0.9928571581840515,0.9809523820877075,1.76323401927948,2.0214285850524902,1.4214285612106323,0.7595238089561462,0.4896358251571655,0.3976190388202667,0.38333332538604736,0.21190476417541504,0.9028626308341197,0.6968635320663452,0.45001752107823956
10,0.39028238696711404,0.5393442630767822,6.3376946449279785,11.753273963928223,0.0,2.4723572731018066,3.6300594806671143,0.9854166507720947,0.9809523820877075,1.7390376329421997,2.0223214626312256,1.4264880418777466,0.7386904954910278,0.4487321376800537,0.3449404835700989,0.3389880955219269,0.20178571343421936,6.204197883605957,11.764286041259766,0.0,2.2484424114227295,3.7047619819641113,0.9928571581840515,0.9809523820877075,1.8225382566452026,2.0214285850524902,1.4214285612106323,0.7595238089561462,0.4462225139141083,0.3976190388202667,0.38333332538604736,0.21190476417541504,0.8897556278043274,0.6923444271087646,0.46586997889234627
11,0.3821317843028477,0.5687638850439163,6.340007781982422,11.770237922668457,0.0,2.450258731842041,3.6285715103149414,0.9872024059295654,0.9809523820877075,1.793678641319275,1.9949405193328857,1.396726131439209,0.7407737970352173,0.42500460147857666,0.3419642746448517,0.3351190388202667,0.19821429252624512,6.204197883605957,11.764286041259766,0.0,2.572706460952759,3.7047619819641113,0.9928571581840515,0.9809523820877075,1.7458720207214355,2.0214285850524902,1.4214285612106323,0.7595238089561462,0.48448705673217773,0.3976190388202667,0.38333332538604736,0.21190476417541504,0.9137001949779782,0.703904926776886,0.43673478872344584
12,0.35765054736818586,0.5331636917023431,6.339585781097412,11.759523391723633,0.0,2.593315601348877,3.6300594806671143,0.9767857193946838,0.9809523820877075,1.712432861328125,1.999404788017273,1.406845211982727,0.7386904954910278,0.42998576164245605,0.3544642925262451,0.3485119044780731,0.2023809552192688,6.204197883605957,11.764286041259766,0.0,2.645754814147949,3.7047619819641113,0.9928571581840515,0.9809523820877075,1.7568271160125732,2.0214285850524902,1.4214285612106323,0.7595238089561462,0.41844403743743896,0.3976190388202667,0.38333332538604736,0.21190476417541504,0.8846429061834633,0.6801548004150391,0.47199078667778394
13,0.35808264925366357,0.5394255853834606,6.332882881164551,11.755059242248535,0.0,2.601552724838257,3.630654811859131,0.9785714149475098,0.9809523820877075,1.7572139501571655,2.015178680419922,1.4229166507720947,0.7416666746139526,0.4070243537425995,0.3363095223903656,0.3306547701358795,0.19017857313156128,6.204197883605957,11.764286041259766,0.0,2.4034640789031982,3.7047619819641113,0.9928571581840515,0.9809523820877075,1.7578073740005493,2.0214285850524902,1.4214285612106323,0.7595238089561462,0.4450519382953644,0.3976190388202667,0.38333332538604736,0.21190476417541504,0.8898226821723039,0.6821826696395874,0.46578948194083736
14,0.34311586646806624,0.5712460392997378,6.341563701629639,11.755356788635254,0.0,2.46753191947937,3.615773916244507,0.9800595045089722,0.9809523820877075,1.8797976970672607,2.0252976417541504,1.422619104385376,0.7470238208770752,0.45154938101768494,0.34434524178504944,0.3389880955219269,0.2023809552192688,6.204197883605957,11.764286041259766,0.0,2.3867368698120117,3.7047619819641113,0.9928571581840515,0.9809523820877075,2.0150322914123535,2.0214285850524902,1.4214285612106323,0.7595238089561462,0.5034501552581787,0.3976190388202667,0.38333332538604736,0.21190476417541504,0.9156917495613309,0.707714855670929,0.4342766412553838
15,0.33314279715220135,0.545777180081322,6.343121528625488,11.752381324768066,0.0,2.4870433807373047,3.646726131439209,0.9952380657196045,0.9809523820877075,1.9155640602111816,1.990476131439209,1.3997024297714233,0.7369047403335571,0.4475186765193939,0.35029762983322144,0.3452380895614624,0.1979166716337204,6.204197883605957,11.764286041259766,0.0,2.606973171234131,3.7047619819641113,0.9928571581840515,0.9809523820877075,1.9388492107391357,2.0214285850524902,1.4214285612106323,0.7595238089561462,0.4650050103664398,0.3976190388202667,0.38333332538604736,0.21190476417541504,0.8950461026257254,0.6940125823020935,0.45949924817219956
16,0.3345939596494039,0.526887747787294,6.345647811889648,11.728571891784668,0.0,2.479749917984009,3.63869047164917,0.9872024059295654,0.9809523820877075,1.8136568069458008,2.0139880180358887,1.4113094806671143,0.7419642806053162,0.47882431745529175,0.3360119163990021,0.32976189255714417,0.19851189851760864,6.204197883605957,11.764286041259766,0.0,2.2879390716552734,3.7047619819641113,0.9928571581840515,0.9809523820877075,1.9177160263061523,2.0214285850524902,1.4214285612106323,0.7595238089561462,0.4638485014438629,0.3976190388202667,0.38333332538604736,0.21190476417541504,0.879420863069212,0.6881555318832397,0.47820606317549785
17,0.32673869714850473,0.519642466590518,6.339949607849121,11.73839282989502,0.0,2.543912172317505,3.641369104385376,0.9955357313156128,0.9809523820877075,1.8610074520111084,2.015178680419922,1.4175595045089722,0.7428571581840515,0.4413725435733795,0.34017857909202576,0.33571428060531616,0.2008928507566452,6.204197883605957,11.764286041259766,0.0,2.3592214584350586,3.7047619819641113,0.9928571581840515,0.9809523820877075,1.900665283203125,2.0214285850524902,1.4214285612106323,0.7595238089561462,0.4277597665786743,0.3976190388202667,0.38333332538604736,0.21190476417541504,0.8733533965480373,0.6775791049003601,0.4853813221972354
18,0.3093685886689595,0.567228364944458,6.34161901473999,11.749404907226562,0.0,2.528838634490967,3.6247024536132812,0.9877976179122925,0.9809523820877075,1.8197669982910156,2.0145833492279053,1.41994047164917,0.7422618865966797,0.4548006057739258,0.3544642925262451,0.3494047522544861,0.19761905074119568,6.204197883605957,11.764286041259766,0.0,2.5602474212646484,3.7047619819641113,0.9928571581840515,0.9809523820877075,1.8229066133499146,2.0214285850524902,1.4214285612106323,0.7595238089561462,0.46093231439590454,0.3976190388202667,0.38333332538604736,0.21190476417541504,0.9124659427401189,0.7025601863861084,0.43825550457960005
19,0.30688010908308483,0.5233769677934192,6.347011566162109,11.762499809265137,0.0,2.6055245399475098,3.620833396911621,0.9794642925262451,0.9809523820877075,1.862076997756958,2.019345283508301,1.4133929014205933,0.7440476417541504,0.45311272144317627,0.3440476059913635,0.3395833373069763,0.19851189851760864,6.204197883605957,11.764286041259766,0.0,2.5480828285217285,3.7047619819641113,0.9928571581840515,0.9809523820877075,1.8915855884552002,2.0214285850524902,1.4214285612106323,0.7595238089561462,0.46288084983825684,0.3976190388202667,0.38333332538604736,0.21190476417541504,0.8764859932815596,0.6690688133239746,0.4816829726102504
20,0.30482719114848544,0.5482909872418358,6.338380813598633,11.760714530944824,0.0,2.611069917678833,3.6321427822113037,0.9895833134651184,0.9809523820877075,1.8540894985198975,2.010714292526245,1.4077380895614624,0.7428571581840515,0.4427184462547302,0.32976189255714417,0.32351189851760864,0.19523809850215912,6.204197883605957,11.764286041259766,0.0,2.5083324909210205,3.7047619819641113,0.9928571581840515,0.9809523820877075,1.8036692142486572,2.0214285850524902,1.4214285612106323,0.7595238089561462,0.45501720905303955,0.3976190388202667,0.38333332538604736,0.21190476417541504,0.8971049834664397,0.6866279244422913,0.4570097255220634
21,0.30311639784347444,0.5307906604948498,6.347410202026367,11.735118865966797,0.0,2.575824737548828,3.636011838912964,0.9916666746139526,0.9809523820877075,1.8143402338027954,2.010714292526245,1.414285659790039,0.7354166507720947,0.4719752371311188,0.3455357253551483,0.3392857015132904,0.20148809254169464,6.204197883605957,11.764286041259766,0.0,2.567951202392578,3.7047619819641113,0.9928571581840515,0.9809523820877075,1.8095258474349976,2.0214285850524902,1.4214285612106323,0.7595238089561462,0.48245155811309814,0.3976190388202667,0.38333332538604736,0.21190476417541504,0.882671986427968,0.6719605922698975,0.4743408858625783
22,0.2814448137368475,0.5188045075961522,6.332559108734131,11.73422622680664,0.0,2.519113779067993,3.6312499046325684,0.975595235824585,0.9809523820877075,1.83363938331604,2.009226083755493,1.4104167222976685,0.7404761910438538,0.4484829008579254,0.3467261791229248,0.34285715222358704,0.1964285671710968,6.204197883605957,11.764286041259766,0.0,2.4079670906066895,3.7047619819641113,0.9928571581840515,0.9809523820877075,1.927737832069397,2.0214285850524902,1.4214285612106323,0.7595238089561462,0.4608697295188904,0.3976190388202667,0.38333332538604736,0.21190476417541504,0.8726489293022759,0.6636976003646851,0.48621119576309546
23,0.27303000873043426,0.5093396890731084,6.338785171508789,11.759225845336914,0.0,2.6152448654174805,3.622321367263794,0.9821428656578064,0.9809523820877075,1.9205381870269775,2.018749952316284,1.4235118627548218,0.7458333373069763,0.4385588765144348,0.3470238149166107,0.3404761850833893,0.20148809254169464,6.204197883605957,11.764286041259766,0.0,2.4557838439941406,3.7047619819641113,0.9928571581840515,0.9809523820877075,1.8875521421432495,2.0214285850524902,1.4214285612106323,0.7595238089561462,0.4715287685394287,0.3976190388202667,0.38333332538604736,0.21190476417541504,0.8646522440890096,0.659105658531189,0.49558448238401187
24,0.27396629708153863,0.5067416298957098,6.340648651123047,11.747023582458496,0.0,2.5727767944335938,3.6199405193328857,0.9696428775787354,0.9809523820877075,1.9469735622406006,2.008035659790039,1.40625,0.7416666746139526,0.4670179784297943,0.3419642746448517,0.33720237016677856,0.19910714030265808,6.204197883605957,11.764286041259766,0.0,2.460472822189331,3.7047619819641113,0.9928571581840515,0.9809523820877075,1.8600987195968628,2.0214285850524902,1.4214285612106323,0.7595238089561462,0.4377177059650421,0.3976190388202667,0.38333332538604736,0.21190476417541504,0.8624441999546585,0.6651554703712463,0.4981573943852543
25,0.2691111500774111,0.5586082344963437,6.343133449554443,11.734821319580078,0.0,2.63240647315979,3.6232142448425293,0.9857142567634583,0.9809523820877075,1.8705710172653198,2.0142858028411865,1.4148809909820557,0.7488095164299011,0.4240296185016632,0.3529762029647827,0.3467261791229248,0.19821429252624512,6.204197883605957,11.764286041259766,0.0,2.529252052307129,3.7047619819641113,0.9928571581840515,0.9809523820877075,2.0053648948669434,2.0214285850524902,1.4214285612106323,0.7595238089561462,0.4960675835609436,0.3976190388202667,0.38333332538604736,0.21190476417541504,0.9055060917919542,0.6916608810424805,0.4467922504084656
26,0.2744199217075393,0.5360753309159052,6.33819055557251,11.748214721679688,0.0,2.6380746364593506,3.618154764175415,0.9848214387893677,0.9809523820877075,1.9249573945999146,2.004166603088379,1.3970237970352173,0.7437499761581421,0.43215295672416687,0.3422619104385376,0.3375000059604645,0.19702380895614624,6.204197883605957,11.764286041259766,0.0,2.74462890625,3.7047619819641113,0.9928571581840515,0.9809523820877075,2.0532872676849365,2.0214285850524902,1.4214285612106323,0.7595238089561462,0.45517852902412415,0.3976190388202667,0.38333332538604736,0.21190476417541504,0.8870551525696747,0.6811164021492004,0.4691073093977298
27,0.26597630211285184,0.5511444148563204,6.342281818389893,11.724404335021973,0.0,2.637089252471924,3.6312499046325684,0.9851190447807312,0.9809523820877075,1.904554843902588,2.017857074737549,1.4139881134033203,0.7458333373069763,0.45343610644340515,0.34583333134651184,0.3422619104385376,0.19553571939468384,6.204197883605957,11.764286041259766,0.0,2.6074588298797607,3.7047619819641113,0.9928571581840515,0.9809523820877075,1.8964558839797974,2.0214285850524902,1.4214285612106323,0.7595238089561462,0.4547807574272156,0.3976190388202667,0.38333332538604736,0.21190476417541504,0.8994363291217689,0.6825938820838928,0.4541839001390705
28,0.2658239740700949,0.5256299279984974,6.346095561981201,11.736905097961426,0.0,2.6649727821350098,3.630654811859131,0.9839285612106323,0.9809523820877075,1.903198480606079,2.022916555404663,1.4270833730697632,0.7434523701667786,0.46099457144737244,0.3425595164299011,0.3363095223903656,0.1979166716337204,6.204197883605957,11.764286041259766,0.0,2.6314873695373535,3.7047619819641113,0.9928571581840515,0.9809523820877075,1.9452143907546997,2.0214285850524902,1.4214285612106323,0.7595238089561462,0.4396931827068329,0.3976190388202667,0.38333332538604736,0.21190476417541504,0.8783705032187927,0.6731081008911133,0.47945175595128375
29,0.25467300769828616,0.514753626641773,6.345176696777344,11.755952835083008,0.0,2.65628719329834,3.6285715103149414,0.9854166507720947,0.9809523820877075,2.0032951831817627,1.993749976158142,1.3949404954910278,0.7461309432983398,0.4365560710430145,0.34583333134651184,0.3407738208770752,0.20119047164916992,6.204197883605957,11.764286041259766,0.0,2.681699514389038,3.7047619819641113,0.9928571581840515,0.9809523820877075,1.8951247930526733,2.0214285850524902,1.4214285612106323,0.7595238089561462,0.4880731999874115,0.3976190388202667,0.38333332538604736,0.21190476417541504,0.8692353957723706,0.6643285751342773,0.4902229049810455
30,0.26168235739072165,0.5247015385400682,6.345937252044678,11.768155097961426,0.0,2.715935707092285,3.619345188140869,0.9714285731315613,0.9809523820877075,1.9510550498962402,2.018749952316284,1.4193452596664429,0.7422618865966797,0.4556055963039398,0.33839285373687744,0.33273810148239136,0.19880951941013336,6.204197883605957,11.764286041259766,0.0,2.6262807846069336,3.7047619819641113,0.9928571581840515,0.9809523820877075,2.002988576889038,2.0214285850524902,1.4214285612106323,0.7595238089561462,0.4573582708835602,0.3976190388202667,0.38333332538604736,0.21190476417541504,0.8775944732824952,0.6753418445587158,0.480371146833499
31,0.2514793269691013,0.523355990364438,6.34229850769043,11.736607551574707,0.0,2.6686654090881348,3.636904716491699,0.9803571701049805,0.9809523820877075,1.975321888923645,2.027083396911621,1.4336309432983398,0.7440476417541504,0.4304638206958771,0.3333333432674408,0.3276785612106323,0.19434523582458496,6.204197883605957,11.764286041259766,0.0,2.710489273071289,3.7047619819641113,0.9928571581840515,0.9809523820877075,2.0864439010620117,2.0214285850524902,1.4214285612106323,0.7595238089561462,0.4666261672973633,0.3976190388202667,0.38333332538604736,0.21190476417541504,0.8764685160525435,0.6705133318901062,0.4817036606209305
32,0.24194221979095823,0.5326073669251942,6.340948104858398,11.743452072143555,0.0,2.6781842708587646,3.6255953311920166,0.9800595045089722,0.9809523820877075,2.019759178161621,2.0241072177886963,1.4229166507720947,0.742559552192688,0.4747619032859802,0.34910714626312256,0.34464284777641296,0.20327380299568176,6.204197883605957,11.764286041259766,0.0,2.7030386924743652,3.7047619819641113,0.9928571581840515,0.9809523820877075,2.0252108573913574,2.0214285850524902,1.4214285612106323,0.7595238089561462,0.4707404673099518,0.3976190388202667,0.38333332538604736,0.21190476417541504,0.8841812528137548,0.6670224070549011,0.47254171526551636
33,0.24332986367600304,0.518091166587103,6.346075534820557,11.765178680419922,0.0,2.742827892303467,3.625,0.9824404716491699,0.9809523820877075,1.9998292922973633,2.0104167461395264,1.4107142686843872,0.7395833134651184,0.44967323541641235,0.34613096714019775,0.34136903285980225,0.20148809254169464,6.204197883605957,11.764286041259766,0.0,2.5758986473083496,3.7047619819641113,0.9928571581840515,0.9809523820877075,1.9144208431243896,2.0214285850524902,1.4214285612106323,0.7595238089561462,0.48183712363243103,0.3976190388202667,0.38333332538604736,0.21190476417541504,0.872048816650928,0.6614871621131897,0.48691762759698265
34,0.249130009327616,0.5056018579573859,6.342894554138184,11.754464149475098,0.0,2.6866707801818848,3.6407737731933594,0.9952380657196045,0.9809523820877075,1.924060344696045,1.9889880418777466,1.3875000476837158,0.7377976179122925,0.44896477460861206,0.3553571403026581,0.35059523582458496,0.20000000298023224,6.204197883605957,11.764286041259766,0.0,2.569713830947876,3.7047619819641113,0.9928571581840515,0.9809523820877075,2.061676502227783,2.0214285850524902,1.4214285612106323,0.7595238089561462,0.4635218381881714,0.3976190388202667,0.38333332538604736,0.21190476417541504,0.8614737458947169,0.6590453386306763,0.4992861655840921
35,0.24551529536644617,0.5405050073351179,6.33860969543457,11.74613094329834,0.0,2.673267364501953,3.631547689437866,0.9916666746139526,0.9809523820877075,1.9668498039245605,2.009226083755493,1.4101190567016602,0.742559552192688,0.4619176983833313,0.3494047522544861,0.34464284777641296,0.2023809552192688,6.204197883605957,11.764286041259766,0.0,2.683884382247925,3.7047619819641113,0.9928571581840515,0.9809523820877075,2.051460027694702,2.0214285850524902,1.4214285612106323,0.7595238089561462,0.5387961864471436,0.3976190388202667,0.38333332538604736,0.21190476417541504,0.8907125329620845,0.6874354481697083,0.46472047065910627
36,0.23089753126814253,0.5094343667938596,6.343774795532227,11.743154525756836,0.0,2.695702075958252,3.641071319580078,0.9910714030265808,0.9809523820877075,1.9973936080932617,2.019345283508301,1.4113094806671143,0.7413690686225891,0.45553210377693176,0.34285715222358704,0.3375000059604645,0.19523809850215912,6.204197883605957,11.764286041259766,0.0,2.6128833293914795,3.7047619819641113,0.9928571581840515,0.9809523820877075,2.0245208740234375,2.0214285850524902,1.4214285612106323,0.7595238089561462,0.4663335084915161,0.3976190388202667,0.38333332538604736,0.21190476417541504,0.864732618350769,0.6616924405097961,0.49549070000384343
37,0.2254984221288136,0.5301470722470965,6.350430011749268,11.752381324768066,0.0,2.7421698570251465,3.6205356121063232,0.9779762029647827,0.9809523820877075,2.027150869369507,2.012202262878418,1.4026786088943481,0.7416666746139526,0.45138072967529297,0.34732142090797424,0.34464284777641296,0.1994047611951828,6.204197883605957,11.764286041259766,0.0,2.5809895992279053,3.7047619819641113,0.9928571581840515,0.9809523820877075,1.9722230434417725,2.0214285850524902,1.4214285612106323,0.7595238089561462,0.48131242394447327,0.3976190388202667,0.38333332538604736,0.21190476417541504,0.8821367023368032,0.6797873377799988,0.4749782432721805
38,0.2274570663060461,0.5285906485148839,6.347194671630859,11.743154525756836,0.0,2.7525062561035156,3.6285715103149414,0.9726190567016602,0.9809523820877075,2.0055105686187744,2.014880895614624,1.4127975702285767,0.7422618865966797,0.44960060715675354,0.35178571939468384,0.34732142090797424,0.20208333432674408,6.204197883605957,11.764286041259766,0.0,2.57177734375,3.7047619819641113,0.9928571581840515,0.9809523820877075,2.0153565406799316,2.0214285850524902,1.4214285612106323,0.7595238089561462,0.4488348066806793,0.3976190388202667,0.38333332538604736,0.21190476417541504,0.8808408341919973,0.6747375726699829,0.47651964713901485
39,0.2242559611797333,0.5116060177485148,6.335916519165039,11.757143020629883,0.0,2.7109177112579346,3.6199405193328857,0.9773809313774109,0.9809523820877075,2.0595390796661377,2.0250000953674316,1.4261904954910278,0.744940459728241,0.42463383078575134,0.3449404835700989,0.3404761850833893,0.19523809850215912,6.204197883605957,11.764286041259766,0.0,2.6302833557128906,3.7047619819641113,0.9928571581840515,0.9809523820877075,2.036118268966675,2.0214285850524902,1.4214285612106323,0.7595238089561462,0.501909077167511,0.3976190388202667,0.38333332538604736,0.21190476417541504,0.866573735139183,0.6632254719734192,0.49334007834382965
40,0.2221161778484072,0.5429718812306722,6.34668493270874,11.768155097961426,0.0,2.7221264839172363,3.6229166984558105,0.9907737970352173,0.9809523820877075,2.043795108795166,2.0017857551574707,1.4098213911056519,0.743154764175415,0.45951640605926514,0.3395833373069763,0.3330357074737549,0.19880951941013336,6.204197883605957,11.764286041259766,0.0,2.6372334957122803,3.7047619819641113,0.9928571581840515,0.9809523820877075,2.083535671234131,2.0214285850524902,1.4214285612106323,0.7595238089561462,0.41390374302864075,0.3976190388202667,0.38333332538604736,0.21190476417541504,0.8927428512992066,0.6819661259651184,0.46227742249741743
41,0.22414698827834356,0.5338889139039176,6.334219932556152,11.751190185546875,0.0,2.8065760135650635,3.6175594329833984,0.9800595045089722,0.9809523820877075,2.0944714546203613,2.0044643878936768,1.4127975702285767,0.7476190328598022,0.4404105544090271,0.35208332538604736,0.3470238149166107,0.2008928507566452,6.204197883605957,11.764286041259766,0.0,2.617480516433716,3.7047619819641113,0.9928571581840515,0.9809523820877075,2.119262456893921,2.0214285850524902,1.4214285612106323,0.7595238089561462,0.4693506956100464,0.3976190388202667,0.38333332538604736,0.21190476417541504,0.8852443115926376,0.6874071359634399,0.47127263817434095
42,0.23374883560907272,0.5617776303064256,6.33812141418457,11.747321128845215,0.0,2.7743570804595947,3.6244046688079834,0.9851190447807312,0.9809523820877075,1.996793270111084,2.0101189613342285,1.409523844718933,0.7413690686225891,0.458141028881073,0.35773810744285583,0.35505953431129456,0.20297619700431824,6.204197883605957,11.764286041259766,0.0,2.591860771179199,3.7047619819641113,0.9928571581840515,0.9809523820877075,2.089179754257202,2.0214285850524902,1.4214285612106323,0.7595238089561462,0.4385482668876648,0.3976190388202667,0.38333332538604736,0.21190476417541504,0.9080712335452618,0.6948891878128052,0.4436535066080055
43,0.21994809820538475,0.5285981689180647,6.344587802886963,11.763988494873047,0.0,2.6955723762512207,3.6282737255096436,0.9824404716491699,0.9809523820877075,2.0286569595336914,2.0238094329833984,1.4276785850524902,0.7452380657196045,0.44506406784057617,0.3404761850833893,0.3345237970352173,0.19851189851760864,6.204197883605957,11.764286041259766,0.0,2.520733594894409,3.7047619819641113,0.9928571581840515,0.9809523820877075,2.1526308059692383,2.0214285850524902,1.4214285612106323,0.7595238089561462,0.510554313659668,0.3976190388202667,0.38333332538604736,0.21190476417541504,0.8808471611174249,0.680202066898346,0.4765121465095502
44,0.2117252371140889,0.537757971173241,6.342657089233398,11.740476608276367,0.0,2.721057653427124,3.6270833015441895,0.9833333492279053,0.9809523820877075,2.0751965045928955,2.0071427822113037,1.3985118865966797,0.7434523701667786,0.45465198159217834,0.34613096714019775,0.34166666865348816,0.20000000298023224,6.204197883605957,11.764286041259766,0.0,2.6743061542510986,3.7047619819641113,0.9928571581840515,0.9809523820877075,2.071892499923706,2.0214285850524902,1.4214285612106323,0.7595238089561462,0.47265565395355225,0.3976190388202667,0.38333332538604736,0.21190476417541504,0.8884461839421237,0.6912546753883362,0.467440944063541
45,0.21106873601675033,0.5652035849434989,6.34645414352417,11.750595092773438,0.0,2.8600833415985107,3.6431548595428467,0.9937499761581421,0.9809523820877075,2.0848639011383057,2.0032737255096436,1.3964285850524902,0.7458333373069763,0.44933316111564636,0.3538690507411957,0.3479166626930237,0.20178571343421936,6.204197883605957,11.764286041259766,0.0,2.63478684425354,3.7047619819641113,0.9928571581840515,0.9809523820877075,2.1049582958221436,2.0214285850524902,1.4214285612106323,0.7595238089561462,0.498606413602829,0.3976190388202667,0.38333332538604736,0.21190476417541504,0.9108359291677198,0.7022266983985901,0.4402606728564672
46,0.2151404776033901,0.5984089851379395,6.347616672515869,11.755952835083008,0.0,2.7111196517944336,3.6217262744903564,0.9770833253860474,0.9809523820877075,2.0582969188690186,2.011904716491699,1.4187500476837158,0.7437499761581421,0.455185204744339,0.3523809611797333,0.3479166626930237,0.20327380299568176,6.204197883605957,11.764286041259766,0.0,2.6473097801208496,3.7047619819641113,0.9928571581840515,0.9809523820877075,2.0345773696899414,2.0214285850524902,1.4214285612106323,0.7595238089561462,0.4860314130783081,0.3976190388202667,0.38333332538604736,0.21190476417541504,0.937209656578458,0.7147771716117859,0.4073762955008773
47,0.20540359133765812,0.5557877324876331,6.344063758850098,11.751785278320312,0.0,2.7534728050231934,3.619345188140869,0.9785714149475098,0.9809523820877075,2.00103759765625,2.014880895614624,1.4169642925262451,0.7401785850524902,0.4727940559387207,0.34613096714019775,0.33988094329833984,0.19910714030265808,6.204197883605957,11.764286041259766,0.0,2.7052643299102783,3.7047619819641113,0.9928571581840515,0.9809523820877075,2.151844024658203,2.0214285850524902,1.4214285612106323,0.7595238089561462,0.47059282660484314,0.3976190388202667,0.38333332538604736,0.21190476417541504,0.9032171406981186,0.6845971941947937,0.4495855240400567
48,0.20916572156406585,0.5183491763614473,6.340850353240967,11.737797737121582,0.0,2.8249688148498535,3.6312499046325684,0.9892857074737549,0.9809523820877075,2.084676742553711,2.016071319580078,1.412500023841858,0.7479166388511658,0.47669732570648193,0.34375,0.337797611951828,0.19880951941013336,6.204197883605957,11.764286041259766,0.0,2.704608201980591,3.7047619819641113,0.9928571581840515,0.9809523820877075,2.1017587184906006,2.0214285850524902,1.4214285612106323,0.7595238089561462,0.47979891300201416,0.3976190388202667,0.38333332538604736,0.21190476417541504,0.8722659037991466,0.6685686111450195,0.4866621159579667
49,0.20810236838601884,0.5646145491372971,6.341361999511719,11.760119438171387,0.0,2.836031198501587,3.618452310562134,0.9845238327980042,0.9809523820877075,2.1095757484436035,1.9985119104385376,1.3976190090179443,0.7407737970352173,0.43495845794677734,0.34880951046943665,0.3434523940086365,0.20148809254169464,6.204197883605957,11.764286041259766,0.0,2.766104221343994,3.7047619819641113,0.9928571581840515,0.9809523820877075,2.132891893386841,2.0214285850524902,1.4214285612106323,0.7595238089561462,0.47392934560775757,0.3976190388202667,0.38333332538604736,0.21190476417541504,0.9103612382428204,0.6854929327964783,0.44084395710071356
50,0.21480204264322916,0.5291840598696754,6.356087684631348,11.751487731933594,0.0,2.7841620445251465,3.6366071701049805,0.9877976179122925,0.9809523820877075,2.0850532054901123,2.0169641971588135,1.427976131439209,0.7419642806053162,0.4704980254173279,0.34285715222358704,0.337797611951828,0.20029762387275696,6.204197883605957,11.764286041259766,0.0,2.740558385848999,3.7047619819641113,0.9928571581840515,0.9809523820877075,2.069218158721924,2.0214285850524902,1.4214285612106323,0.7595238089561462,0.4806373715400696,0.3976190388202667,0.38333332538604736,0.21190476417541504,0.8813351109845542,0.6699118614196777,0.4759319997835112
51,0.1960943388796988,0.5494227977026076,6.3480048179626465,11.754464149475098,0.0,2.796315908432007,3.62886905670166,0.9946428537368774,0.9809523820877075,2.0532844066619873,2.012202262878418,1.4113094806671143,0.7443452477455139,0.45896977186203003,0.3389880955219269,0.3351190388202667,0.19970238208770752,6.204197883605957,11.764286041259766,0.0,2.6854960918426514,3.7047619819641113,0.9928571581840515,0.9809523820877075,2.0159409046173096,2.0214285850524902,1.4214285612106323,0.7595238089561462,0.5011546015739441,0.3976190388202667,0.38333332538604736,0.21190476417541504,0.898030396153079,0.6775264143943787,0.4558888961661881
52,0.2018167270790963,0.519048391637348,6.338413715362549,11.754464149475098,0.0,2.80639386177063,3.625,0.9883928298950195,0.9809523820877075,2.0646538734436035,1.999404788017273,1.3866071701049805,0.7455357313156128,0.46142148971557617,0.35059523582458496,0.3449404835700989,0.20327380299568176,6.204197883605957,11.764286041259766,0.0,2.691800594329834,3.7047619819641113,0.9928571581840515,0.9809523820877075,2.1883466243743896,2.0214285850524902,1.4214285612106323,0.7595238089561462,0.4938930571079254,0.3976190388202667,0.38333332538604736,0.21190476417541504,0.8728540877593568,0.6661558747291565,0.4859696068611248
53,0.19540636865865615,0.5317186542919704,6.348849773406982,11.749404907226562,0.0,2.808929681777954,3.630357027053833,0.9937499761581421,0.9809523820877075,2.0798802375793457,2.0077381134033203,1.405654788017273,0.742559552192688,0.48134851455688477,0.3440476059913635,0.33720237016677856,0.20208333432674408,6.204197883605957,11.764286041259766,0.0,2.624346971511841,3.7047619819641113,0.9928571581840515,0.9809523820877075,2.122103452682495,2.0214285850524902,1.4214285612106323,0.7595238089561462,0.4773404002189636,0.3976190388202667,0.38333332538604736,0.21190476417541504,0.8834432188698389,0.6732969880104065,0.473421887170139
54,0.1886013391117255,0.5261225314367385,6.33783483505249,11.745833396911621,0.0,2.794367790222168,3.6366071701049805,0.9997023940086365,0.9809523820877075,2.0873467922210693,2.009226083755493,1.412500023841858,0.7473214268684387,0.43997669219970703,0.3541666567325592,0.34910714626312256,0.20029762387275696,6.204197883605957,11.764286041259766,0.0,2.706207275390625,3.7047619819641113,0.9928571581840515,0.9809523820877075,2.0919840335845947,2.0214285850524902,1.4214285612106323,0.7595238089561462,0.4810899496078491,0.3976190388202667,0.38333332538604736,0.21190476417541504,0.878782034679391,0.6695560216903687,0.4789638718700314
55,0.19800245634147098,0.5424364555449713,6.342472553253174,11.752381324768066,0.0,2.8594212532043457,3.635714292526245,0.9979166388511658,0.9809523820877075,2.022315502166748,2.008035659790039,1.4017857313156128,0.742559552192688,0.4401361346244812,0.33095237612724304,0.32678571343421936,0.19434523582458496,6.204197883605957,11.764286041259766,0.0,2.6887259483337402,3.7047619819641113,0.9928571581840515,0.9809523820877075,1.9848650693893433,2.0214285850524902,1.4214285612106323,0.7595238089561462,0.4966064691543579,0.3976190388202667,0.38333332538604736,0.21190476417541504,0.8923025561432787,0.6788665652275085,0.4628077120981917
56,0.19856281862372444,0.5483673390888032,6.340846538543701,11.73839282989502,0.0,2.8804118633270264,3.626488208770752,0.9854166507720947,0.9809523820877075,2.094104528427124,2.006547689437866,1.3976190090179443,0.7452380657196045,0.434847354888916,0.3464285731315613,0.3410714268684387,0.19970238208770752,6.204197883605957,11.764286041259766,0.0,2.7526116371154785,3.7047619819641113,0.9928571581840515,0.9809523820877075,2.2137324810028076,2.0214285850524902,1.4214285612106323,0.7595238089561462,0.5044032335281372,0.3976190388202667,0.38333332538604736,0.21190476417541504,0.8971674359296032,0.6913055181503296,0.4569341309427536
57,0.1908994137531235,0.551858579544794,6.34312629699707,11.776190757751465,0.0,2.840813159942627,3.6327381134033203,0.9922618865966797,0.9809523820877075,2.0762898921966553,2.0089285373687744,1.4077380895614624,0.7410714030265808,0.4495939016342163,0.3351190388202667,0.32946428656578064,0.19672618806362152,6.204197883605957,11.764286041259766,0.0,2.745102882385254,3.7047619819641113,0.9928571581840515,0.9809523820877075,2.1186842918395996,2.0214285850524902,1.4214285612106323,0.7595238089561462,0.4626522660255432,0.3976190388202667,0.38333332538604736,0.21190476417541504,0.9000188759307817,0.6918255686759949,0.45347663490190937
58,0.18688954263925553,0.5559250070935204,6.347476482391357,11.719940185546875,0.0,2.8357274532318115,3.6464285850524902,0.9916666746139526,0.9809523820877075,2.038658380508423,2.008035659790039,1.405059576034546,0.7404761910438538,0.435936838388443,0.3404761850833893,0.33571428060531616,0.19761905074119568,6.204197883605957,11.764286041259766,0.0,2.788562536239624,3.7047619819641113,0.9928571581840515,0.9809523820877075,2.0917751789093018,2.0214285850524902,1.4214285612106323,0.7595238089561462,0.4724789261817932,0.3976190388202667,0.38333332538604736,0.21190476417541504,0.9033287254147935,0.6837921142578125,0.4494495322352543
59,0.18282144637334916,0.529464222135998,6.344471454620361,11.747916221618652,0.0,2.893366575241089,3.6363096237182617,1.0017857551574707,0.9809523820877075,2.0693023204803467,2.020238161087036,1.4258928298950195,0.7470238208770752,0.44775107502937317,0.34761905670166016,0.34315475821495056,0.19732142984867096,6.204197883605957,11.764286041259766,0.0,2.819082260131836,3.7047619819641113,0.9928571581840515,0.9809523820877075,2.0756335258483887,2.0214285850524902,1.4214285612106323,0.7595238089561462,0.4724137485027313,0.3976190388202667,0.38333332538604736,0.21190476417541504,0.8815684372229711,0.6722822189331055,0.4756544764933214
60,0.18974640972557522,0.5674211473692031,6.346836090087891,11.744345664978027,0.0,2.9042956829071045,3.619642972946167,0.968154788017273,0.9809523820877075,2.0848278999328613,2.008333444595337,1.4041666984558105,0.7413690686225891,0.4690264165401459,0.35476189851760864,0.3499999940395355,0.20327380299568176,6.204197883605957,11.764286041259766,0.0,2.6477346420288086,3.7047619819641113,0.9928571581840515,0.9809523820877075,2.1144704818725586,2.0214285850524902,1.4214285612106323,0.7595238089561462,0.4836983382701874,0.3976190388202667,0.38333332538604736,0.21190476417541504,0.9126210054091499,0.696037232875824,0.43806455718244586
61,0.18735210469790867,0.5487207764670963,6.340550422668457,11.743749618530273,0.0,2.8961410522460938,3.613988161087036,0.9732142686843872,0.9809523820877075,2.0484604835510254,2.011904716491699,1.4119048118591309,0.7464285492897034,0.47275596857070923,0.3455357253551483,0.3410714268684387,0.19910714030265808,6.204197883605957,11.764286041259766,0.0,2.7890851497650146,3.7047619819641113,0.9928571581840515,0.9809523820877075,2.044029712677002,2.0214285850524902,1.4214285612106323,0.7595238089561462,0.4570804536342621,0.3976190388202667,0.38333332538604736,0.21190476417541504,0.8974565209081852,0.6788035035133362,0.45658410156773943
62,0.17598178549891427,0.5564511424019223,6.341040134429932,11.747023582458496,0.0,2.9195711612701416,3.630654811859131,0.9857142567634583,0.9809523820877075,2.0638318061828613,2.016369104385376,1.4175595045089722,0.7452380657196045,0.4500559866428375,0.3434523940086365,0.3380952477455139,0.19821429252624512,6.204197883605957,11.764286041259766,0.0,2.83211612701416,3.7047619819641113,0.9928571581840515,0.9809523820877075,2.0329296588897705,2.0214285850524902,1.4214285612106323,0.7595238089561462,0.5009847283363342,0.3976190388202667,0.38333332538604736,0.21190476417541504,0.9037560643985884,0.694196879863739,0.44892850811793616
63,0.16735747080473673,0.5441182397660755,6.344115734100342,11.742856979370117,0.0,2.9524013996124268,3.6366071701049805,0.9863095283508301,0.9809523820877075,2.0944104194641113,2.001488208770752,1.4035714864730835,0.7452380657196045,0.4658462405204773,0.3508928716182709,0.34434524178504944,0.19851189851760864,6.204197883605957,11.764286041259766,0.0,2.802734375,3.7047619819641113,0.9928571581840515,0.9809523820877075,2.115159749984741,2.0214285850524902,1.4214285612106323,0.7595238089561462,0.48889613151550293,0.3976190388202667,0.38333332538604736,0.21190476417541504,0.8936847863047079,0.6801741719245911,0.46114213114355485
64,0.17804608515330722,0.548697787239438,6.34390926361084,11.752083778381348,0.0,2.940002679824829,3.6285715103149414,0.9872024059295654,0.9809523820877075,2.114786386489868,2.0113096237182617,1.4145833253860474,0.7491071224212646,0.4641406536102295,0.3395833373069763,0.33392858505249023,0.19851189851760864,6.204197883605957,11.764286041259766,0.0,2.813305377960205,3.7047619819641113,0.9928571581840515,0.9809523820877075,2.115837812423706,2.0214285850524902,1.4214285612106323,0.7595238089561462,0.4688209295272827,0.3976190388202667,0.38333332538604736,0.21190476417541504,0.8974376920360745,0.6848370432853699,0.4566068975984652
65,0.1822945623880341,0.5510499556859334,6.348056316375732,11.750297546386719,0.0,2.9473321437835693,3.6348214149475098,0.9958333373069763,0.9809523820877075,2.068817377090454,2.0169641971588135,1.4166666269302368,0.742559552192688,0.46147486567497253,0.3485119044780731,0.34375,0.19851189851760864,6.204197883605957,11.764286041259766,0.0,2.7323238849639893,3.7047619819641113,0.9928571581840515,0.9809523820877075,2.175311803817749,2.0214285850524902,1.4214285612106323,0.7595238089561462,0.4774996340274811,0.3976190388202667,0.38333332538604736,0.21190476417541504,0.8993591888289161,0.681640625,0.45427748642435095
66,0.17715322048891158,0.5434351557777042,6.345612525939941,11.751190185546875,0.0,2.9228501319885254,3.616666555404663,0.9752976298332214,0.9809523820877075,2.132253408432007,2.0059523582458496,1.3997024297714233,0.7446428537368774,0.4471883475780487,0.3494047522544861,0.3452380895614624,0.20505952835083008,6.204197883605957,11.764286041259766,0.0,2.892517328262329,3.7047619819641113,0.9928571581840515,0.9809523820877075,2.160627841949463,2.0214285850524902,1.4214285612106323,0.7595238089561462,0.4692670404911041,0.3976190388202667,0.38333332538604736,0.21190476417541504,0.8931236019350486,0.6728100180625916,0.46181865850702764
67,0.17863905422744297,0.5384096378371829,6.338240146636963,11.757143020629883,0.0,2.8840200901031494,3.6294643878936768,0.9922618865966797,0.9809523820877075,2.0614240169525146,2.0142858028411865,1.4160714149475098,0.7440476417541504,0.43844765424728394,0.3440476059913635,0.3404761850833893,0.19523809850215912,6.204197883605957,11.764286041259766,0.0,2.7693774700164795,3.7047619819641113,0.9928571581840515,0.9809523820877075,2.0389115810394287,2.0214285850524902,1.4214285612106323,0.7595238089561462,0.4783668518066406,0.3976190388202667,0.38333332538604736,0.21190476417541504,0.8889843401886658,0.6702150106430054,0.46679559578725427
68,0.1705159228827272,0.5589265630358742,6.347200870513916,11.750595092773438,0.0,2.898608446121216,3.6270833015441895,0.9794642925262451,0.9809523820877075,2.1183581352233887,2.009226083755493,1.4041666984558105,0.7428571581840515,0.44307658076286316,0.35505953431129456,0.34910714626312256,0.20714285969734192,6.204197883605957,11.764286041259766,0.0,2.7682406902313232,3.7047619819641113,0.9928571581840515,0.9809523820877075,2.1722302436828613,2.0214285850524902,1.4214285612106323,0.7595238089561462,0.45351442694664,0.3976190388202667,0.38333332538604736,0.21190476417541504,0.9057640877664437,0.6876174211502075,0.44647697885234294
69,0.16906177940822784,0.5430054233187721,6.341938018798828,11.731844902038574,0.0,2.9193105697631836,3.6199405193328857,0.9839285612106323,0.9809523820877075,2.151022434234619,2.021726131439209,1.4169642925262451,0.7443452477455139,0.43084633350372314,0.3449404835700989,0.34017857909202576,0.19851189851760864,6.204197883605957,11.764286041259766,0.0,2.836763620376587,3.7047619819641113,0.9928571581840515,0.9809523820877075,2.2674648761749268,2.0214285850524902,1.4214285612106323,0.7595238089561462,0.5028864741325378,0.3976190388202667,0.38333332538604736,0.21190476417541504,0.8927703583638585,0.6664862036705017,0.46224428246135163
70,0.16823065926631292,0.5352710769290016,6.345142364501953,11.750297546386719,0.0,2.9303433895111084,3.6300594806671143,0.9943452477455139,0.9809523820877075,2.143002986907959,2.012202262878418,1.4086309671401978,0.7428571581840515,0.4283277988433838,0.33541667461395264,0.32797619700431824,0.19166666269302368,6.204197883605957,11.764286041259766,0.0,2.894995927810669,3.7047619819641113,0.9928571581840515,0.9809523820877075,2.144960403442383,2.0214285850524902,1.4214285612106323,0.7595238089561462,0.503772497177124,0.3976190388202667,0.38333332538604736,0.21190476417541504,0.8863894821724745,0.6783323287963867,0.4699037978089141
71,0.1697769616331373,0.555940496353876,6.347034454345703,11.751487731933594,0.0,3.024730920791626,3.6148810386657715,0.9773809313774109,0.9809523820877075,2.0573182106018066,2.01369047164917,1.4133929014205933,0.743154764175415,0.4862546920776367,0.3529762029647827,0.3482142984867096,0.1994047611951828,6.204197883605957,11.764286041259766,0.0,2.857041120529175,3.7047619819641113,0.9928571581840515,0.9809523820877075,2.1391241550445557,2.0214285850524902,1.4214285612106323,0.7595238089561462,0.5478347539901733,0.3976190388202667,0.38333332538604736,0.21190476417541504,0.9033412951532631,0.6904427409172058,0.4494341878102711
72,0.16348173838286173,0.5710384232657296,6.346743106842041,11.749404907226562,0.0,2.959836721420288,3.629166603088379,0.9752976298332214,0.9809523820877075,2.0662648677825928,2.0101189613342285,1.4107142686843872,0.7389881014823914,0.4592447876930237,0.3508928716182709,0.3464285731315613,0.20178571343421936,6.204197883605957,11.764286041259766,0.0,2.840955972671509,3.7047619819641113,0.9928571581840515,0.9809523820877075,2.1315743923187256,2.0214285850524902,1.4214285612106323,0.7595238089561462,0.48965394496917725,0.3976190388202667,0.38333332538604736,0.21190476417541504,0.9155253255186088,0.6865509152412415,0.43448224674541314
73,0.16470500174022856,0.5394817613420032,6.3534650802612305,11.759225845336914,0.0,2.9841017723083496,3.6309523582458496,0.9854166507720947,0.9809523820877075,2.1455652713775635,2.002976179122925,1.4053571224212646,0.7419642806053162,0.4559272825717926,0.3514880836009979,0.3464285731315613,0.19851189851760864,6.204197883605957,11.764286041259766,0.0,2.8168344497680664,3.7047619819641113,0.9928571581840515,0.9809523820877075,2.2540371417999268,2.0214285850524902,1.4214285612106323,0.7595238089561462,0.48014265298843384,0.3976190388202667,0.38333332538604736,0.21190476417541504,0.8898690009951112,0.6781377792358398,0.46573384001637785
74,0.16923869805676597,0.5476171879541306,6.347540378570557,11.739583015441895,0.0,2.987035036087036,3.6363096237182617,0.9830357432365417,0.9809523820877075,2.182004451751709,2.008333444595337,1.4116071462631226,0.7479166388511658,0.4569931626319885,0.36845237016677856,0.36101189255714417,0.2053571492433548,6.204197883605957,11.764286041259766,0.0,2.8693063259124756,3.7047619819641113,0.9928571581840515,0.9809523820877075,2.079655408859253,2.0214285850524902,1.4214285612106323,0.7595238089561462,0.4789161682128906,0.3976190388202667,0.38333332538604736,0.21190476417541504,0.8965535853977513,0.6744934916496277,0.45767703642580204
75,0.15902712054195858,0.5893861032667614,6.3375091552734375,11.746428489685059,0.0,2.9792258739471436,3.634226083755493,0.9961309432983398,0.9809523820877075,2.1138195991516113,2.0050594806671143,1.4005951881408691,0.7443452477455139,0.4293113052845001,0.34613096714019775,0.3404761850833893,0.19434523582458496,6.204197883605957,11.764286041259766,0.0,2.9476826190948486,3.7047619819641113,0.9928571581840515,0.9809523820877075,2.106687068939209,2.0214285850524902,1.4214285612106323,0.7595238089561462,0.4536524713039398,0.3976190388202667,0.38333332538604736,0.21190476417541504,0.9301171472046459,0.7119483351707458,0.41631194735558197
76,0.16187536411342165,0.531692395891462,6.337729454040527,11.736309051513672,0.0,3.0567331314086914,3.6354167461395264,0.988095223903656,0.9809523820877075,2.112888813018799,2.0089285373687744,1.4020832777023315,0.7443452477455139,0.4547768831253052,0.34464284777641296,0.3407738208770752,0.20029762387275696,6.204197883605957,11.764286041259766,0.0,2.893279790878296,3.7047619819641113,0.9928571581840515,0.9809523820877075,2.058008909225464,2.0214285850524902,1.4214285612106323,0.7595238089561462,0.48868343234062195,0.3976190388202667,0.38333332538604736,0.21190476417541504,0.8834214262550898,0.660855233669281,0.47344786974279407
77,0.17149812146311716,0.5437560524259295,6.336220741271973,11.750892639160156,0.0,2.98421049118042,3.6241071224212646,0.9839285612106323,0.9809523820877075,2.1100358963012695,2.011904716491699,1.409523844718933,0.7458333373069763,0.4586905241012573,0.34375,0.34017857909202576,0.19732142984867096,6.204197883605957,11.764286041259766,0.0,2.8799967765808105,3.7047619819641113,0.9928571581840515,0.9809523820877075,2.117703914642334,2.0214285850524902,1.4214285612106323,0.7595238089561462,0.4578777551651001,0.3976190388202667,0.38333332538604736,0.21190476417541504,0.8933872753968992,0.6835644245147705,0.4615008377173614
78,0.1715826412751561,0.5507691326595489,6.34126091003418,11.749107360839844,0.0,3.0136098861694336,3.629166603088379,0.9818452596664429,0.9809523820877075,2.1258997917175293,2.015178680419922,1.4148809909820557,0.7443452477455139,0.4337596595287323,0.3523809611797333,0.3467261791229248,0.20297619700431824,6.204197883605957,11.764286041259766,0.0,2.8869950771331787,3.7047619819641113,0.9928571581840515,0.9809523820877075,2.232089042663574,2.0214285850524902,1.4214285612106323,0.7595238089561462,0.45654165744781494,0.3976190388202667,0.38333332538604736,0.21190476417541504,0.8991300484451784,0.6742799282073975,0.45455554897548267
79,0.16522813943170367,0.510111039025443,6.3491363525390625,11.763988494873047,0.0,2.9988722801208496,3.6107141971588135,0.973809540271759,0.9809523820877075,2.148540496826172,2.0089285373687744,1.409523844718933,0.7422618865966797,0.42933520674705505,0.3410714268684387,0.3351190388202667,0.2008928507566452,6.204197883605957,11.764286041259766,0.0,2.870912790298462,3.7047619819641113,0.9928571581840515,0.9809523820877075,2.275726079940796,2.0214285850524902,1.4214285612106323,0.7595238089561462,0.501221239566803,0.3976190388202667,0.38333332538604736,0.21190476417541504,0.8653066703955449,0.6684361696243286,0.49482064377167334
80,0.1701038916905721,0.5332561538332985,6.342700004577637,11.770833015441895,0.0,2.9957549571990967,3.618452310562134,0.9803571701049805,0.9809523820877075,2.1757404804229736,2.0303571224212646,1.4324405193328857,0.7422618865966797,0.4345996677875519,0.34761905670166016,0.34315475821495056,0.19880951941013336,6.204197883605957,11.764286041259766,0.0,2.7919046878814697,3.7047619819641113,0.9928571581840515,0.9809523820877075,2.160310983657837,2.0214285850524902,1.4214285612106323,0.7595238089561462,0.47097247838974,0.3976190388202667,0.38333332538604736,0.21190476417541504,0.8847196116492939,0.677667498588562,0.4718992103651052
81,0.16029373421555473,0.5463797410329183,6.3494720458984375,11.755356788635254,0.0,3.0200140476226807,3.6172618865966797,0.9764881134033203,0.9809523820877075,2.1951956748962402,2.0050594806671143,1.4077380895614624,0.7407737970352173,0.4413735568523407,0.3440476059913635,0.33690476417541504,0.19821429252624512,6.204197883605957,11.764286041259766,0.0,2.866441488265991,3.7047619819641113,0.9928571581840515,0.9809523820877075,2.1753602027893066,2.0214285850524902,1.4214285612106323,0.7595238089561462,0.47941792011260986,0.3976190388202667,0.38333332538604736,0.21190476417541504,0.8955400267685849,0.6795998215675354,0.45890253142812765
82,0.15825092778319405,0.5405420144399007,6.348586082458496,11.735118865966797,0.0,3.059939384460449,3.627678632736206,0.9818452596664429,0.9809523820877075,2.1709377765655518,2.0145833492279053,1.4127975702285767,0.7446428537368774,0.4290677011013031,0.3404761850833893,0.33541667461395264,0.19732142984867096,6.204197883605957,11.764286041259766,0.0,3.0287117958068848,3.7047619819641113,0.9928571581840515,0.9809523820877075,2.369729518890381,2.0214285850524902,1.4214285612106323,0.7595238089561462,0.4644758403301239,0.3976190388202667,0.38333332538604736,0.21190476417541504,0.8907430470184808,0.6866305470466614,0.46468380091505723
83,0.16320490563909212,0.5379302365439279,6.34272575378418,11.741666793823242,0.0,3.0723953247070312,3.647023916244507,0.9898809790611267,0.9809523820877075,2.2184979915618896,2.016369104385376,1.423214316368103,0.7419642806053162,0.41191837191581726,0.34136903285980225,0.33541667461395264,0.1949404776096344,6.204197883605957,11.764286041259766,0.0,2.870198965072632,3.7047619819641113,0.9928571581840515,0.9809523820877075,2.110262393951416,2.0214285850524902,1.4214285612106323,0.7595238089561462,0.46621260046958923,0.3976190388202667,0.38333332538604736,0.21190476417541504,0.8885884675509014,0.6736248731613159,0.46727039053473507
84,0.15665878220683052,0.5148868685676938,6.3467230796813965,11.74226188659668,0.0,3.0470404624938965,3.6366071701049805,0.992559552192688,0.9809523820877075,2.1870787143707275,2.012202262878418,1.4133929014205933,0.7497023940086365,0.44383668899536133,0.3440476059913635,0.3380952477455139,0.1994047611951828,6.204197883605957,11.764286041259766,0.0,2.814404010772705,3.7047619819641113,0.9928571581840515,0.9809523820877075,2.179487705230713,2.0214285850524902,1.4214285612106323,0.7595238089561462,0.4778124988079071,0.3976190388202667,0.38333332538604736,0.21190476417541504,0.8693479140756609,0.658467173576355,0.49009093312144625
85,0.15043842707361493,0.5524620010739281,6.339972972869873,11.76160717010498,0.0,3.0366790294647217,3.6160714626312256,0.9800595045089722,0.9809523820877075,2.1519904136657715,2.0032737255096436,1.4026786088943481,0.7422618865966797,0.4235454499721527,0.35029762983322144,0.3452380895614624,0.19702380895614624,6.204197883605957,11.764286041259766,0.0,2.8760111331939697,3.7047619819641113,0.9928571581840515,0.9809523820877075,2.1478941440582275,2.0214285850524902,1.4214285612106323,0.7595238089561462,0.45642417669296265,0.3976190388202667,0.38333332538604736,0.21190476417541504,0.900510767536083,0.6828725337982178,0.45287908475456373
86,0.16086863680254845,0.5719568939436049,6.341059684753418,11.7619047164917,0.0,3.081284761428833,3.627976179122925,0.9901785850524902,0.9809523820877075,2.0835812091827393,1.9907737970352173,1.391964316368103,0.7422618865966797,0.43010279536247253,0.3434523940086365,0.3375000059604645,0.1964285671710968,6.204197883605957,11.764286041259766,0.0,2.932535171508789,3.7047619819641113,0.9928571581840515,0.9809523820877075,2.1750550270080566,2.0214285850524902,1.4214285612106323,0.7595238089561462,0.4579469561576843,0.3976190388202667,0.38333332538604736,0.21190476417541504,0.9162613268746691,0.6941969990730286,0.43357266060759614
87,0.15804141901788257,0.5194125078973316,6.337538242340088,11.749702453613281,0.0,3.0003821849823,3.6348214149475098,0.9913690686225891,0.9809523820877075,2.1034059524536133,2.006547689437866,1.4166666269302368,0.7452380657196045,0.43407106399536133,0.3464285731315613,0.3407738208770752,0.19226190447807312,6.204197883605957,11.764286041259766,0.0,2.882206916809082,3.7047619819641113,0.9928571581840515,0.9809523820877075,2.16209077835083,2.0214285850524902,1.4214285612106323,0.7595238089561462,0.441428005695343,0.3976190388202667,0.38333332538604736,0.21190476417541504,0.8731601650117091,0.6581476926803589,0.48560903738588257
88,0.16086273682968957,0.5483389230001541,6.342647075653076,11.746428489685059,0.0,3.069126605987549,3.626488208770752,0.9782738089561462,0.9809523820877075,2.1251296997070312,2.0077381134033203,1.4089285135269165,0.744940459728241,0.44646286964416504,0.3598214387893677,0.3553571403026581,0.20595237612724304,6.204197883605957,11.764286041259766,0.0,2.8897080421447754,3.7047619819641113,0.9928571581840515,0.9809523820877075,2.054705858230591,2.0214285850524902,1.4214285612106323,0.7595238089561462,0.44827985763549805,0.3976190388202667,0.38333332538604736,0.21190476417541504,0.8971441828609023,0.6800949573516846,0.4569622705591764
89,0.15364938328663508,0.5169092768714542,6.345904350280762,11.745535850524902,0.0,3.048381805419922,3.605952262878418,0.9630952477455139,0.9809523820877075,2.1784729957580566,2.0252976417541504,1.4241071939468384,0.7473214268684387,0.4114675223827362,0.34166666865348816,0.3366071283817291,0.20029762387275696,6.204197883605957,11.764286041259766,0.0,2.8589861392974854,3.7047619819641113,0.9928571581840515,0.9809523820877075,2.253451347351074,2.0214285850524902,1.4214285612106323,0.7595238089561462,0.47029638290405273,0.3976190388202667,0.38333332538604736,0.21190476417541504,0.8710535493478294,0.6615123152732849,0.4880881179832347
90,0.15193393273012978,0.5373161304564703,6.336277961730957,11.762499809265137,0.0,3.067450523376465,3.6229166984558105,0.9866071343421936,0.9809523820877075,2.1601293087005615,2.013392925262451,1.4044642448425293,0.7416666746139526,0.4569399952888489,0.3479166626930237,0.3419642746448517,0.20029762387275696,6.204197883605957,11.764286041259766,0.0,2.9761874675750732,3.7047619819641113,0.9928571581840515,0.9809523820877075,2.1764020919799805,2.0214285850524902,1.4214285612106323,0.7595238089561462,0.4741962254047394,0.3976190388202667,0.38333332538604736,0.21190476417541504,0.8880811467575279,0.6681064367294312,0.46787848078230876
91,0.1514660371201379,0.5351267405918666,6.339921474456787,11.747916221618652,0.0,3.128671407699585,3.634523868560791,0.9863095283508301,0.9809523820877075,2.1362645626068115,2.0035715103149414,1.4011905193328857,0.7434523701667786,0.43833398818969727,0.3425595164299011,0.3375000059604645,0.20059524476528168,6.204197883605957,11.764286041259766,0.0,3.0519957542419434,3.7047619819641113,0.9928571581840515,0.9809523820877075,2.237605571746826,2.0214285850524902,1.4214285612106323,0.7595238089561462,0.4545268416404724,0.3976190388202667,0.38333332538604736,0.21190476417541504,0.8862699809868637,0.6652902960777283,0.4700467019585173
92,0.1587615526148251,0.5550582204546247,6.338193416595459,11.7380952835083,0.0,3.0470120906829834,3.6312499046325684,0.9979166388511658,0.9809523820877075,2.1737871170043945,2.0196428298950195,1.41994047164917,0.7476190328598022,0.42814940214157104,0.34375,0.3366071283817291,0.20119047164916992,6.204197883605957,11.764286041259766,0.0,2.885680675506592,3.7047619819641113,0.9928571581840515,0.9809523820877075,2.1866939067840576,2.0214285850524902,1.4214285612106323,0.7595238089561462,0.4849439263343811,0.3976190388202667,0.38333332538604736,0.21190476417541504,0.9026242105173891,0.6911827921867371,0.4503079376073129
93,0.1472367762809708,0.554851846467881,6.342563629150391,11.740476608276367,0.0,3.0845890045166016,3.6205356121063232,0.9860119223594666,0.9809523820877075,2.197535514831543,2.016369104385376,1.4133929014205933,0.744940459728241,0.44395631551742554,0.34732142090797424,0.34315475821495056,0.20208333432674408,6.204197883605957,11.764286041259766,0.0,2.90094256401062,3.7047619819641113,0.9928571581840515,0.9809523820877075,2.2225754261016846,2.0214285850524902,1.4214285612106323,0.7595238089561462,0.4634096920490265,0.3976190388202667,0.38333332538604736,0.21190476417541504,0.9024564003913936,0.6905801892280579,0.45051231750429255
94,0.1481447514323961,0.5575499625433059,6.347146511077881,11.759225845336914,0.0,3.0963973999023438,3.6241071224212646,0.9797618985176086,0.9809523820877075,2.1598286628723145,2.0062499046325684,1.4020832777023315,0.7416666746139526,0.4453061819076538,0.3464285731315613,0.33988094329833984,0.19613094627857208,6.204197883605957,11.764286041259766,0.0,3.038128614425659,3.7047619819641113,0.9928571581840515,0.9809523820877075,2.231532096862793,2.0214285850524902,1.4214285612106323,0.7595238089561462,0.48554083704948425,0.3976190388202667,0.38333332538604736,0.21190476417541504,0.9046479237914619,0.6752605438232422,0.4478403285609067
95,0.15121952103716987,0.554552427927653,6.339165210723877,11.75773811340332,0.0,3.128957986831665,3.6247024536132812,0.981249988079071,0.9809523820877075,2.1756508350372314,2.0113096237182617,1.4169642925262451,0.7440476417541504,0.4356752932071686,0.3345237970352173,0.3288690447807312,0.19255952537059784,6.204197883605957,11.764286041259766,0.0,2.908275842666626,3.7047619819641113,0.9928571581840515,0.9809523820877075,2.220301628112793,2.0214285850524902,1.4214285612106323,0.7595238089561462,0.4925800859928131,0.3976190388202667,0.38333332538604736,0.21190476417541504,0.9022128518020666,0.6827667951583862,0.4508088619986148
96,0.1474703233511675,0.5594886541366577,6.340850353240967,11.735713958740234,0.0,3.0608479976654053,3.630654811859131,0.9800595045089722,0.9809523820877075,2.2129881381988525,2.0035715103149414,1.4026786088943481,0.749404788017273,0.45020294189453125,0.3508928716182709,0.34732142090797424,0.20148809254169464,6.204197883605957,11.764286041259766,0.0,2.893242359161377,3.7047619819641113,0.9928571581840515,0.9809523820877075,2.261310577392578,2.0214285850524902,1.4214285612106323,0.7595238089561462,0.47028133273124695,0.3976190388202667,0.38333332538604736,0.21190476417541504,0.9062193832487331,0.6884081959724426,0.44592036351285946
97,0.1450307301822163,0.5523508389790853,6.33814001083374,11.766963958740234,0.0,3.0638904571533203,3.6172618865966797,0.9830357432365417,0.9809523820877075,2.2277793884277344,2.0226190090179443,1.4247024059295654,0.7467262148857117,0.41779860854148865,0.35029762983322144,0.3452380895614624,0.20000000298023224,6.204197883605957,11.764286041259766,0.0,2.8377318382263184,3.7047619819641113,0.9928571581840515,0.9809523820877075,2.3395941257476807,2.0214285850524902,1.4214285612106323,0.7595238089561462,0.4465174973011017,0.3976190388202667,0.38333332538604736,0.21190476417541504,0.9004201491143067,0.6789693236351013,0.452989192034155
98,0.15119978132702055,0.5530935991378058,6.341128826141357,11.746428489685059,0.0,3.028449058532715,3.6244046688079834,0.9815475940704346,0.9809523820877075,2.217315196990967,1.9943451881408691,1.385119080543518,0.7419642806053162,0.4430716633796692,0.349702388048172,0.34375,0.19880951941013336,6.204197883605957,11.764286041259766,0.0,2.8900177478790283,3.7047619819641113,0.9928571581840515,0.9809523820877075,2.2114686965942383,2.0214285850524902,1.4214285612106323,0.7595238089561462,0.47344323992729187,0.3976190388202667,0.38333332538604736,0.21190476417541504,0.9010253125656195,0.6879916191101074,0.4522536401094053
99,0.14286361301229114,0.5592706050191607,6.335238933563232,11.744345664978027,0.0,3.0305027961730957,3.6247024536132812,0.9696428775787354,0.9809523820877075,2.1679182052612305,2.0306546688079834,1.4297618865966797,0.7383928298950195,0.44337910413742065,0.3321428596973419,0.32797619700431824,0.19315476715564728,6.204197883605957,11.764286041259766,0.0,2.896249532699585,3.7047619819641113,0.9928571581840515,0.9809523820877075,2.279205560684204,2.0214285850524902,1.4214285612106323,0.7595238089561462,0.4847260117530823,0.3976190388202667,0.38333332538604736,0.21190476417541504,0.9060427987892818,0.6728289127349854,0.4461362639845069
100,0.14955232576245353,0.5693909281776065,6.346789360046387,11.772024154663086,0.0,3.0654220581054688,3.62886905670166,0.9782738089561462,0.9809523820877075,2.2938592433929443,1.993154764175415,1.3869047164916992,0.742559552192688,0.44993141293525696,0.3479166626930237,0.34285715222358704,0.19970238208770752,6.204197883605957,11.764286041259766,0.0,2.9354562759399414,3.7047619819641113,0.9928571581840515,0.9809523820877075,2.114802598953247,2.0214285850524902,1.4214285612106323,0.7595238089561462,0.49399179220199585,0.3976190388202667,0.38333332538604736,0.21190476417541504,0.9142036655024566,0.6918785572052002,0.4361138542607105
101,0.15267317720821927,0.521843699614207,6.34420108795166,11.75386905670166,0.0,3.124431848526001,3.618154764175415,0.9863095283508301,0.9809523820877075,2.110165596008301,2.0047619342803955,1.4086309671401978,0.7386904954910278,0.4612486958503723,0.3526785671710968,0.34732142090797424,0.20297619700431824,6.204197883605957,11.764286041259766,0.0,3.052600622177124,3.7047619819641113,0.9928571581840515,0.9809523820877075,2.271239757537842,2.0214285850524902,1.4214285612106323,0.7595238089561462,0.4855111539363861,0.3976190388202667,0.38333332538604736,0.21190476417541504,0.8752012702519476,0.6768060326576233,0.4832013353277491
102,0.14519101076182864,0.5551477727435884,6.347881317138672,11.735713958740234,0.0,3.1184639930725098,3.643749952316284,0.9991071224212646,0.9809523820877075,2.224440336227417,2.010714292526245,1.4083333015441895,0.7422618865966797,0.43410196900367737,0.33988094329833984,0.3333333432674408,0.19583334028720856,6.204197883605957,11.764286041259766,0.0,2.960625171661377,3.7047619819641113,0.9928571581840515,0.9809523820877075,2.184859275817871,2.0214285850524902,1.4214285612106323,0.7595238089561462,0.43139562010765076,0.3976190388202667,0.38333332538604736,0.21190476417541504,0.9026970109919882,0.6798526048660278,0.45021925369423155
103,0.1404612219049817,0.5384038578896295,6.339552879333496,11.760416984558105,0.0,3.0880908966064453,3.6312499046325684,0.9836309552192688,0.9809523820877075,2.176759958267212,2.016071319580078,1.420535683631897,0.7392857074737549,0.42734771966934204,0.34910714626312256,0.34434524178504944,0.19910714030265808,6.204197883605957,11.764286041259766,0.0,2.9759533405303955,3.7047619819641113,0.9928571581840515,0.9809523820877075,2.190392017364502,2.0214285850524902,1.4214285612106323,0.7595238089561462,0.504077672958374,0.3976190388202667,0.38333332538604736,0.21190476417541504,0.8889795462419113,0.6743181943893433,0.4668013315627272
104,0.14254491194373087,0.5577280788194565,6.340840816497803,11.744643211364746,0.0,3.2093899250030518,3.636011838912964,0.9866071343421936,0.9809523820877075,2.1847429275512695,2.0166666507720947,1.4184523820877075,0.7407737970352173,0.43141186237335205,0.3392857015132904,0.3336309492588043,0.193452388048172,6.204197883605957,11.764286041259766,0.0,3.076197624206543,3.7047619819641113,0.9928571581840515,0.9809523820877075,2.1646556854248047,2.0214285850524902,1.4214285612106323,0.7595238089561462,0.4782443344593048,0.3976190388202667,0.38333332538604736,0.21190476417541504,0.9047924356430221,0.6878209710121155,0.4476638921854619
105,0.13928974540460679,0.5689872537340437,6.342376232147217,11.756547927856445,0.0,3.1589019298553467,3.6178572177886963,0.9794642925262451,0.9809523820877075,2.2156271934509277,2.0145833492279053,1.4107142686843872,0.7446428537368774,0.433066189289093,0.33988094329833984,0.331845223903656,0.193452388048172,6.204197883605957,11.764286041259766,0.0,2.929673910140991,3.7047619819641113,0.9928571581840515,0.9809523820877075,2.248786211013794,2.0214285850524902,1.4214285612106323,0.7595238089561462,0.48797670006752014,0.3976190388202667,0.38333332538604736,0.21190476417541504,0.9138795718523639,0.6991958618164062,0.43651359368982334
106,0.14346110146670116,0.5339090597061884,6.340791702270508,11.753571510314941,0.0,3.087705135345459,3.6294643878936768,0.993154764175415,0.9809523820877075,2.1670334339141846,2.004166603088379,1.398214340209961,0.7467262148857117,0.438856840133667,0.3574404716491699,0.35059523582458496,0.20297619700431824,6.204197883605957,11.764286041259766,0.0,3.032052516937256,3.7047619819641113,0.9928571581840515,0.9809523820877075,2.259211301803589,2.0214285850524902,1.4214285612106323,0.7595238089561462,0.4596359133720398,0.3976190388202667,0.38333332538604736,0.21190476417541504,0.8852610095960013,0.680087149143219,0.4712526855194906
107,0.148814918810413,0.5670859825043452,6.350449562072754,11.745833396911621,0.0,3.1177899837493896,3.636011838912964,0.9818452596664429,0.9809523820877075,2.1562132835388184,1.9940476417541504,1.39255952835083,0.7482143044471741,0.4479513168334961,0.35654762387275696,0.35178571939468384,0.20327380299568176,6.204197883605957,11.764286041259766,0.0,2.986981153488159,3.7047619819641113,0.9928571581840515,0.9809523820877075,2.1135854721069336,2.0214285850524902,1.4214285612106323,0.7595238089561462,0.45624658465385437,0.3976190388202667,0.38333332538604736,0.21190476417541504,0.9123514250419251,0.6957534551620483,0.43839649680404547
108,0.13964446626958393,0.5391235601334344,6.349393367767334,11.754464149475098,0.0,3.1709790229797363,3.622619152069092,0.9782738089561462,0.9809523820877075,2.1474368572235107,2.032440423965454,1.443750023841858,0.7443452477455139,0.43416300415992737,0.3479166626930237,0.3425595164299011,0.19910714030265808,6.204197883605957,11.764286041259766,0.0,3.0040719509124756,3.7047619819641113,0.9928571581840515,0.9809523820877075,2.169713020324707,2.0214285850524902,1.4214285612106323,0.7595238089561462,0.4761083424091339,0.3976190388202667,0.38333332538604736,0.21190476417541504,0.8895735306091754,0.6780952215194702,0.4660885756687032
109,0.1516431731482347,0.5559950522014073,6.345108985900879,11.744643211364746,0.0,3.109051465988159,3.626488208770752,0.9851190447807312,0.9809523820877075,2.148599624633789,2.010714292526245,1.4044642448425293,0.7434523701667786,0.45305290818214417,0.3499999940395355,0.3449404835700989,0.20178571343421936,6.204197883605957,11.764286041259766,0.0,3.0815072059631348,3.7047619819641113,0.9928571581840515,0.9809523820877075,2.1991028785705566,2.0214285850524902,1.4214285612106323,0.7595238089561462,0.47982943058013916,0.3976190388202667,0.38333332538604736,0.21190476417541504,0.9033856342513716,0.68589186668396,0.4493801636686373
110,0.13559741998712221,0.5289786225273496,6.339509010314941,11.755654335021973,0.0,3.1476006507873535,3.6172618865966797,0.9872024059295654,0.9809523820877075,2.213778018951416,2.0238094329833984,1.4220237731933594,0.7476190328598022,0.4365033805370331,0.34285715222358704,0.33869048953056335,0.20297619700431824,6.204197883605957,11.764286041259766,0.0,3.0254998207092285,3.7047619819641113,0.9928571581840515,0.9809523820877075,2.228841781616211,2.0214285850524902,1.4214285612106323,0.7595238089561462,0.4596269130706787,0.3976190388202667,0.38333332538604736,0.21190476417541504,0.8811640244337247,0.6739545464515686,0.47613544822977305
111,0.13641272364627746,0.5615447884514219,6.3378472328186035,11.741666793823242,0.0,3.1435623168945312,3.6285715103149414,0.9845238327980042,0.9809523820877075,2.238316059112549,2.0089285373687744,1.406845211982727,0.7440476417541504,0.4299701154232025,0.34315475821495056,0.3389880955219269,0.19821429252624512,6.204197883605957,11.764286041259766,0.0,2.995553731918335,3.7047619819641113,0.9928571581840515,0.9809523820877075,2.287513256072998,2.0214285850524902,1.4214285612106323,0.7595238089561462,0.45498496294021606,0.3976190388202667,0.38333332538604736,0.21190476417541504,0.9078830277955807,0.6895781755447388,0.4438841141962502
112,0.1377480203197116,0.5500479283786955,6.339321136474609,11.725595474243164,0.0,3.202414035797119,3.6327381134033203,0.9815475940704346,0.9809523820877075,2.26812744140625,2.0166666507720947,1.42380952835083,0.7440476417541504,0.43222853541374207,0.3288690447807312,0.32380953431129456,0.1919642835855484,6.204197883605957,11.764286041259766,0.0,3.0552544593811035,3.7047619819641113,0.9928571581840515,0.9809523820877075,2.205350637435913,2.0214285850524902,1.4214285612106323,0.7595238089561462,0.5428041219711304,0.3976190388202667,0.38333332538604736,0.21190476417541504,0.8985411211049432,0.6831522583961487,0.4552698246048884
113,0.15433342648403986,0.5931512787228539,6.340180397033691,11.747618675231934,0.0,3.174945116043091,3.629166603088379,0.9824404716491699,0.9809523820877075,2.284705877304077,2.008035659790039,1.4101190567016602,0.7443452477455139,0.46395614743232727,0.3392857015132904,0.3348214328289032,0.19523809850215912,6.204197883605957,11.764286041259766,0.0,2.895240306854248,3.7047619819641113,0.9928571581840515,0.9809523820877075,2.23942494392395,2.0214285850524902,1.4214285612106323,0.7595238089561462,0.47386983036994934,0.3976190388202667,0.38333332538604736,0.21190476417541504,0.9330833667990083,0.7125303745269775,0.4125831540372408
114,0.1497287379134269,0.5295167650495257,6.331845283508301,11.756547927856445,0.0,3.0932390689849854,3.6312499046325684,0.9833333492279053,0.9809523820877075,2.254155397415161,2.014880895614624,1.4214285612106323,0.7434523701667786,0.439420223236084,0.3479166626930237,0.3425595164299011,0.20327380299568176,6.204197883605957,11.764286041259766,0.0,2.950190305709839,3.7047619819641113,0.9928571581840515,0.9809523820877075,2.2840616703033447,2.0214285850524902,1.4214285612106323,0.7595238089561462,0.45005735754966736,0.3976190388202667,0.38333332538604736,0.21190476417541504,0.8816121473263887,0.6720296144485474,0.47560246232428915
115,0.14092154928616116,0.5436481436093649,6.3432745933532715,11.760714530944824,0.0,3.082275152206421,3.622619152069092,0.9886904954910278,0.9809523820877075,2.226600408554077,2.0172619819641113,1.4169642925262451,0.7428571581840515,0.42845290899276733,0.3553571403026581,0.35059523582458496,0.19970238208770752,6.204197883605957,11.764286041259766,0.0,3.0043375492095947,3.7047619819641113,0.9928571581840515,0.9809523820877075,2.2336394786834717,2.0214285850524902,1.4214285612106323,0.7595238089561462,0.48247259855270386,0.3976190388202667,0.38333332538604736,0.21190476417541504,0.893298569958912,0.67927086353302,0.46160775845502333
116,0.1407375900163537,0.5331561315627326,6.342085361480713,11.772024154663086,0.0,3.221670627593994,3.612499952316284,0.975595235824585,0.9809523820877075,2.2260332107543945,1.9860118627548218,1.3785713911056519,0.743154764175415,0.44935142993927,0.3559523820877075,0.3514880836009979,0.20446428656578064,6.204197883605957,11.764286041259766,0.0,3.1267032623291016,3.7047619819641113,0.9928571581840515,0.9809523820877075,2.259978771209717,2.0214285850524902,1.4214285612106323,0.7595238089561462,0.4855150580406189,0.3976190388202667,0.38333332538604736,0.21190476417541504,0.8846366064052238,0.6737205982208252,0.4719982873072486
117,0.13991752217213313,0.556532681555975,6.341488361358643,11.72261905670166,0.0,3.148556709289551,3.6458332538604736,0.9839285612106323,0.9809523820877075,2.2463507652282715,2.0101189613342285,1.4047619104385376,0.744940459728241,0.42600569128990173,0.3538690507411957,0.3485119044780731,0.20119047164916992,6.204197883605957,11.764286041259766,0.0,3.107142925262451,3.7047619819641113,0.9928571581840515,0.9809523820877075,2.2480978965759277,2.0214285850524902,1.4214285612106323,0.7595238089561462,0.43173471093177795,0.3976190388202667,0.38333332538604736,0.21190476417541504,0.903822310893341,0.6814683675765991,0.4488477170240953
118,0.13044158418973287,0.536026786622547,6.3367462158203125,11.752678871154785,0.0,3.195728063583374,3.619642972946167,0.9809523820877075,0.9809523820877075,2.2269160747528076,2.001488208770752,1.4002976417541504,0.7386904954910278,0.4362376630306244,0.36071428656578064,0.3538690507411957,0.2023809552192688,6.204197883605957,11.764286041259766,0.0,3.0218045711517334,3.7047619819641113,0.9928571581840515,0.9809523820877075,2.2721779346466064,2.0214285850524902,1.4214285612106323,0.7595238089561462,0.46085378527641296,0.3976190388202667,0.38333332538604736,0.21190476417541504,0.8870149697413554,0.6727740168571472,0.4691554016690028
119,0.12935092463379816,0.5418572403135754,6.345594882965088,11.764881134033203,0.0,3.1622750759124756,3.6190476417541504,0.9735119342803955,0.9809523820877075,2.2528910636901855,2.0077381134033203,1.4113094806671143,0.7419642806053162,0.4125071167945862,0.34464284777641296,0.34017857909202576,0.19553571939468384,6.204197883605957,11.764286041259766,0.0,3.00951886177063,3.7047619819641113,0.9928571581840515,0.9809523820877075,2.18790602684021,2.0214285850524902,1.4214285612106323,0.7595238089561462,0.45649388432502747,0.3976190388202667,0.38333332538604736,0.21190476417541504,0.8918260540326223,0.6718533635139465,0.463381289645484
120,0.130961533422981,0.5870576608748663,6.3442487716674805,11.752678871154785,0.0,3.158190965652466,3.6178572177886963,0.9720237851142883,0.9809523820877075,2.189610481262207,2.012202262878418,1.4101190567016602,0.7443452477455139,0.4286496043205261,0.34761905670166016,0.3425595164299011,0.20059524476528168,6.204197883605957,11.764286041259766,0.0,3.03926157951355,3.7047619819641113,0.9928571581840515,0.9809523820877075,2.349013090133667,2.0214285850524902,1.4214285612106323,0.7595238089561462,0.45479148626327515,0.3976190388202667,0.38333332538604736,0.21190476417541504,0.9282780710502042,0.7045601010322571,0.41861787616686263
121,0.13603849425202325,0.5450456460316976,6.3503546714782715,11.745535850524902,0.0,3.188124656677246,3.6309523582458496,0.987500011920929,0.9809523820877075,2.224545955657959,2.019345283508301,1.4139881134033203,0.7446428537368774,0.4066215455532074,0.34880951046943665,0.3434523940086365,0.1979166716337204,6.204197883605957,11.764286041259766,0.0,2.9729816913604736,3.7047619819641113,0.9928571581840515,0.9809523820877075,2.181879758834839,2.0214285850524902,1.4214285612106323,0.7595238089561462,0.463518887758255,0.3976190388202667,0.38333332538604736,0.21190476417541504,0.8944460232709557,0.6775357127189636,0.46022372073577944
